S.No,Image Name,Refererence Caption,
1,103106960_e8a41d64f8,group of people standing,
2,103106960_e8a41d64f9,people are sitting ,
3,103106960_e8a41d64f10,Children are playing,
4,103106960_e8a41d64f11,person standing on chair,
5,103106960_e8a41d64f12,person of beside bike a stream,
6,103106960_e8a41d64f13,person are sitting and watch to camera,
7,103106960_e8a41d64f14,person around beside bike around stream,
8,103106960_e8a41d64f15,person sit on sofa,
9,103106960_e8a41d64f16,people setting on table,
10,103106960_e8a41d64f17,people standing together,
11,103106960_e8a41d64f18,dog is running in the snow,
12,101654506_8eb26cfb60,dog is running in the snow,
13,101669240_b2d3e7f17b,man on skis looking at artwork for sale in the snow,
14,102351840_323e3de834,man drilling hole in the ice,
15,102455176_5f8ead62d5,climber climbing an ice wall,
16,103106960_e8a41d64f8,young kid playing the goalie in hockey rink,
17,103195344_5d2dc613a3,man sitting in front of metal sculpture in front of building,
18,103205630_682ca7285b,tent is being set up on the ice,
19,104136873_5b5d41be75,people overlook green valley,
20,105342180_4d4a40b47f,woman with paddle sits in boat on the water,
21,106490881_5a2dd9b7bd,the boy is playing on the shore of an ocean,
22,106514190_bae200f463,hiker standing high on bluff overlooking the mountains below,
23,107318069_e9f2ef32de,group of hot air balloons lit up at night,
24,107582366_d86f2d3347,person gathered beside bike around stream,
25,10815824_2997e03d76,girl holding horse lead behind fire,
26,108898978_7713be88fc,two men are skiing in the snow in wooded area,
27,108899015_bf36131a57, people climbing up snowy mountain,
28,109202756_b97fcdc62c,woman blue jacket sits on daft horse near frozen lake,
29,109202801_c6381eef15,two horses are pulling woman in cart,
30,109260216_85b0be5378,person wearing red vest climbs up steep rock,
31,109260218_fca831f933,shaft of light in cave shows spelunkers,
32,109671650_f7bbc297fa,boy in yellow shorts is standing on top of cliff,
33,109738763_90541ef30d,snowmobiler flies through the air,
34,109738916_236dc456ac,people pose with helmets and goggles on while riding snowmobiles,
35,109823394_83fcb735e1,three people on atvs in brown field turn their heads to look at the camera,
36,109823395_6fb423a90f,man on four wheeler is flying through the air,
37,109823397_e35154645f,man on fourwheeler jumps near small building,
38,110595925_f3395c8bd6,the biker is riding around curve in the road,
39,111497985_38e9f88856,woman in striped shirt climbs up mountain,
40,111537217_082a4ba060,man climbing rock wall,
41,111537222_07e56d5a30,rock climber climbs large rock,
42,111766423_4522d36e56,black and white bird eating seeds out of someone hand,
43,112178718_87270d9b4d,man with his surfboard stands in the sand,
44,112243673_fd68255217,three people are riding around on atv ,
45,113678030_87a6a6e42e,the snowboarder is sitting down,
46,114051287_dd85625a04,boy dressed in soccer attire and holding his shoes getting out of car,
47,115684808_cb01227802,three men are setting up sledge on snowy plain,
48,116409198_0fe0c94f3b,young man in hooded jacket sitting on snow in mountain area,
49,118309463_a532b75be9,three boys wearing florida marlins hats,
50,121800200_bef08fae5f,group of rock climbers climb rock wall in forest,
51,121971540_0a986ee176,two people stand on the side of large white and red boat,
52,123889082_d3751e0350,two dogs are playing together on green grass,
53,124195430_d14028660f,large brown horse stands over small black colt that is kneeling on the sand,
54,124881487_36e668145d,man on bicycle riding down rocky hill,
55,124972799_de706b6d0b,dog toys with cat hiding under bench,
56,125319704_49ead3463c,person standing beside bike in stream,
57,127450902_533ceeddfc,winter landscape with four people walking in the snow,
58,127488876_f2d2a89588,one man in red shirt and black pants with man in white shirt and tan shorts golfing,
59,127490019_7c5c08cb11,woman wearing blue shirt and hat with khaki shorts plays golf,
60,12830823_87d2654e31,children sit and watch the fish moving in the pond,
61,128912885_8350d277a4,the dog is playing with red ball,
62,129599450_cab4e77343,hiker with an american flag on his backpack walks through the woods,
63,132489044_3be606baf7,man who has fallen asleep on public transportation,
64,133189853_811de6ab2a,one man kissing another man on the check and both are in white shirts with black vests,
65,133905560_9d012b47f3,puppy plays with an adult dog in the snow,
66,134724228_30408cd77f,two women walking on road ,
67,134894450_dadea45d65,the boy is jumping ,
68,135235570_5698072cd4,man is being thrown frisbee in front of monument and flags,
69,136552115_6dc3e7231c,helmeted man jumping off rock on mountain bike,
70,136639119_6040b00946,man is rock climbing under large cliff,
71,136644343_0e2b423829,young boy smiles at the camera from the tire swing,
72,136644885_f7d2bbf546,woman is crossing rope bridge in the trees with other people waiting at one end,
73,136886677_6026c622eb,two men paddling canoe down narrow stream,
74,138705546_be7a6845dd,two girls sit along lake while man in the background fishes,
75,138718600_f430ebca17,two girls are sitting on path by river with their bicycles parked beside them,
76,140377584_12bdbdf2f8,gentleman is rock climbing,
77,140430106_2978fda105,dog is running along beach on sunny day,
78,140526326_da07305c1c,rock climber pauses to look out over the ocean,
79,140526327_3cb984de09,man rock climbing near the ocean,
80,141139674_246c0f90a1,boy swings baseball bat and catcher stands behind him,
81,141755290_4b954529f3,woman in an red tracksuit squeezing lemons in press,
82,141755292_7a0b3364cf,young man and young woman serve food,
83,142802798_962a4ec5ce,boy in green shirt on skateboard on stone wall with graffiti,
84,143237785_93f81b3201,man holds large fish on boat,
85,143552697_af27e9acf5,man riding his bike on hill,
86,143552829_72b6ba49d4,man rides his bike over rocks and creek,
87,143680442_2f03f76944,man is hanging from cliff while rock climbing high above,
88,143680966_0010ff8c60,man wearing backpack is climbing rock,
89,143684568_3c59299bae,man standing on cliff,
90,143688283_a96ded20f1,man with white shirt and helmet is climbing mountain,
91,145721496_687af9bb18,bird is standing on rock overlooking waterfall,
92,145721498_a27d2db576,man paddling in blue kayak in the water,
93,146098876_0d99d7fb98,four children in uniforms stand in front of palm trees,
94,146100443_906d87faa2,girl and two boys dressed up for halloween,
95,146577645_91b570c0d0,man with red helmet kayaking,
96,146577646_9e64b8c2dc,man swim in water rapids,
97,148512773_bae6901fd6,two people are sitting on rock overlooking the river,
98,150387174_24825cf871,man is riding dirt bike over some rocks,
99,150582765_bad8dec237,woman takes picture during the day,
100,152029243_b3582c36fa,young man with his dirt bike,
101,154871781_ae77696b77,two boys are kicking ball to each other in the park,
102,155221027_b23a4331b7,two people are landing from their sky diving exercises,
103,156967462_72db9b722c,couple dogs in and around small lake of water near highway,
104,157139628_5dc483e2e4,couple sit on car with their backs to the camera,
105,160566014_59528ff897,couple sit on car with their backs to the camera,
106,160792599_6a7ec52516,group of people stand in the sand looking out at the water,
107,160805827_5e6646b753, man in grey shirt is on boat with flag,
108,161669933_3e7d8c7e2c,man rides motorcycle ,
109,161905204_247c6ca6de,girl  windbreaker walks on beach,
110,166321294_4a5e68535f,man is riding on red motorcycle,
111,166433861_70b66cd381,motorcyclist is driving down road on their motorbike,
112,166507476_9be5b9852a,two lizards fight in the water,
113,166654939_80ea4ddbcc,cars racing on dirt track,
114,167295035_336f5f5f27,man wearing blue climbs steep cliff,
115,169490297_b6ff13632a,boy looks down and spreads his arms wide,
116,170100272_d820db2199,child is on slide,
117,172092461_a9a9762e13,man rides bike ,
118,172092464_d9eb4f4f2f,guy waterskiing behind boat,
119,17273391_55cfc7d3d4,man is fishing in foggy lake,
120,173020287_230bfc4ffc,brown dog jumps while man holds stick up high,
121,174466741_329a52b2fe,girl with pink shirt is running through flowery grass,
122,177302997_5b2d770a0a,child sitting on carousel horse,
123,179829865_095b040377,man waterskies with life jacket,
124,180094434_b0f244832d,three kids are playing at fountain in front of building,
125,181103691_fb2f956abd,kids play in the water in the middle of the street,
126,181157221_e12410ef0b,man and woman walk their dogs on leashes,
127,181415975_2627aa6668,man is wakeboarding and is jumping into the air,
128,181777261_84c48b31cb,many people are on the beach near building with flags flying,
129,182493240_40410254b0,two men raise their arms atop snowy mountain,
130,185972340_781d60ccfd,man drives green jeep over few jagged rocks,
131,186346360_541047336f,woman poses for picture while in front of lake,
132,186348874_75b2cf1ec5,group of people are riding bicycles in race,
133,186890601_8a6b0f1769,man is swinging on rope over water,
134,186890605_ddff5b694e,man is swinging on rope swing into lake,
135,189721896_1ffe76d89e,the climber in red is leading climbers up long rock face,
136,189740668_0b045f1ff2,man climbs large rock,
137,241109594_3cb90fe2a3,Dog swimming in water,
138,242064301_a9d12f1754,men standing on rock,
139,244571201_0339d8e8d1,man are swimming in water,
140,250892549_1e06a06a78,two dogs in grassy park playing,
141,251056963_c8b67f0107,black and white dog is running along blue board,
142,251586160_a31b187a37,black dog jumping in water,
143,251792066_b5233b3d86,dog with toy in its mouth,
144,251958970_fa6b423f23,man stands near crowd ,20
145,252124738_796599e94b,man eats corn on the cob while talking to woman,
146,252504549_135b0db5a3,small dog is playing with ball on the sand,
147,252578659_9e404b6430,sheep cluster together in field while dog is nearby,
148,252802010_3d47bee500,two small dogs playing with each other in the grass,
149,252846811_7b250935a7,two yellow dogs playfighting,
150,253762507_9c3356c2f6,someone is pulling big black bag onto subway,
151,254295381_d98fa049f4,black and brown dog stands on roof,
152,254475194_3d8f4dfd53,black dog runs in yard while woman observes,
153,254527963_3f5824b0e8,black dog running on beach,
154,254901702_67ada9867c,man in yellow sweater catching frisbee,
155,255091927_2eb643beb2,people laying in massage chairs,
156,255091930_aa2b5c0eb9,man with an apron cooks husks of corn,
157,255266148_7ba7df1a88,the dog has blue ball in its mouth,
158,255330891_86d65dfdbf,dog are runnig,
159,255741044_1102982213,two dogs are running,
160,256085101_2c2617c5d0,dog with its mouth opened,
161,256283122_a4ef4a17cb,dog jumps over owner to catch smilely faced frisbee while spectators in the park watch,
162,256292144_b53aadae27,dog runs across the grass,
163,256439287_990ac4a761,man sits in wheelchair as woman pushes him,
164,256958382_b9006bfc5b,man runs shoeless on green lawn,
165,257588281_39e1c9d929,two dogs playing in the water with stick,
166,258476074_f28f4a1ae6,cars parked on hill,
167,259314892_a42b8af664,dog is playing with bigger brown dog in the woods,
168,260162669_c79a900afb,gray dog is in grass,
169,260231029_966e2f1727,two dogs playing on sandy beach,
170,260392825_ea61660633,black man in red shirt,
171,260520547_944f9f4c91,people walking down trail ,
172,260828892_7925d27865,woman walking on sand leaving footprints,
173,260850192_fd03ea26f1,person feet are sticking out from small cave,
174,261490838_2f3ac98b12,dog chases deer into the woods,
175,261737543_b8fdc24671,person jumping off of high rock,
176,261883591_3f2bca823c,man is standing ,
177,262439544_e71cd26b24,kid hanging upside down from tree,
178,262446581_06ef7d9445,man sitting on an old piece of wood outside,
179,262570082_6364f58f33,two dogs in water with one retrieving stick,
180,262642489_f5c6b9e65b,brown dog swims towards the camera,
181,262681159_e5fed3acf0,girl wearing red shirt is pulling on the necklace she is wearing,
182,262963190_a78b799e89,man is overlooking big snowy mountain,
183,263216826_acf868049c,couple sitting on rock overlooking valley filled with trees,
184,263231469_e85c74f5fd,person with their face covered standing in desert,
185,263233914_d25004e4cd,girl with dreadlocks standing in pool,
186,263522013_d118d46b2d,dog shaking off water,
187,263850317_5bb3a18a08,young woman in black skirt and boots walks by stores,
188,263854883_0f320c1562,dogs are playing in each other  ,
189,264141937_585320617a,woman wearing suitcase full of money,
190,264859622_f3a00ab409,man walks across the tightrope,
191,264928854_d9e61f3a8e,man is talking on cellphone outside of bar,
192,265223843_9ef21e1872,person hang gliding at sunset,
193,265223847_636ba039c1,person are sitting and watch to camera,
194,265528702_8653eab9fa,bearded man with sunglasses in the mountains,
195,267015208_d80b3eb94d,cars and people gathered in city mall area,
196,267162122_c3437414ec,black puppy jumping on the back of white puppy,
197,267164457_2e8b4d30aa,climber walks along snowy peak,
198,267325341_1a96ef436e,dog holds an orange rag in his mouth while running,
199,267836606_bbea2267c8,black dog barking,
200,268365231_a0acecdc45,man and woman wearing black walk with arms around each other,
201,268704620_8a8cef4cb3,two white dogs run through fiels with snow,
202,269361490_a22ae818bf,two girls and two guys walking down the street,
203,269630255_c3ec75c792,brown dog running in field,
204,269650644_059a84ece5,people using an outdoor ice skating rink,
205,269898095_d00ac7d7a4,two adults sit on bench,
206,269986132_91b71e8aaa,two teams of soccer players playing game on field,
207,270724499_107481c88f,the dog is running with colorful ball,
208,270809922_043e3bef06,man standing on mountainside in snow,
209,270816949_ffad112278,man standing on mountainside in snow,
210,270864951_1737ae5479,the woman is wearing black hat with an american flag on it,
211,271177682_48da79ab33,suv splashing muddy water in forest,
212,271637337_0700f307cf,dog jumps over barrier,
213,271660510_dd4ba34b35,the man and the woman pose for picture by some bushes,
214,271770120_880e8d8e52,two black dogs playing tugofwar,
215,272156850_c4445a53f4,man sitting on rock near trees,
216,272283076_2d4aa1d5cf,man looks up at the camera as he climbs rock and others look on,
217,272546805_536c719648,two dogs play with toy,
218,272940778_a184dbea42,two dogs running,
219,272988646_1588bde6a8,woman with blue mohawk is walking with small child,
220,273248777_eaf0288ab3,football player in full stadium jumping and recieving football,
221,274313927_404d0e94ab,black dog is holding white object in its teeth,
222,275401000_8829250eb3,two dogs playing with tennis ball,
223,275516348_cbccebc125,dog running on two legs,
224,276356412_dfa01c3c9e,yellow dog digs in the sand near grass,
225,276699720_fe6718fd03,the person with helmet is doing jumping trick on,
226,27782020_4dab210360,people walk around mobile puppet theater in big city,
227,278002800_3817135105,man eats pastry,
228,278002875_d011ae9dc5,four young adults gathered outdoors,
229,278002947_3fd22a2cb6,man with mohawk walking on campus,
230,278007543_99f5a91a3e,dog running along the beach,
231,278105206_df987b0ca0,dog running through snow,
232,278388986_78ba84eb8f,two mountain climbers stand atop snowy peak,
233,278496691_c1fd93e2d8,group of runners carry an injured runner out of race,
234,278559394_b23af734b9,group of people on sunny day,
235,278608022_4175813019,girl in green field plays soccer,
236,279550225_d64d56158a,the man and woman are sitting together and smiling,
237,279728508_6bd7281f3c,boy jumps into water while another watches,
238,279901198_e7a88c855a,dog are running,
239,280706862_14c30d734a,black dog on beach carrying ball in its mouth,
240,280932151_ae14a67be5,the white dog looks happy running,
241,281419391_522557ce27,black race car starts up in front of crowd of people,
242,281754914_bc8119a0ed,little boy standing in very tall green grass,
243,282116218_7fd7583d6e,black dog runs with ball in its mouth,
244,285306009_f6ddabe687,man sits on bench reading newspaper,
245,285586547_c81f8905a1,man on motorcycle rides with dog,
246,286660725_ffdbdf3481,man breathes fire,
247,287999021_998c2eeb91,two men in red helmets sit atop rocky cliff,
248,288025239_5e59ba9c3b,person poses inside of tent surrounded by snow,
249,288177922_b889f2e1fe,two young kids are walking outside,
250,288880576_818b6ecfef,man is climbing cliff high in the air,
251,289599470_cc665e2dfb,man is eating piece of corn on the cob,
252,290019324_23582048d4,dog is running,
253,290650302_ade636da35,woman in red wears glasses and long earrings,
254,290982269_79fc9f36dc,woman sits against wall in fancy building,
255,291952021_f111b0fb3d,pink eyed boxer dog carrying pillowcase,
256,293327462_20dee0de56,the brown dogs are playing with blue toy together,
257,294549892_babb130543,three people sit and look at mountains,
258,294709836_87126898fb,two white rabbits sit on the green grass,
259,295729735_8360f2e64c,two people ride the train,
260,297285273_688e44c014,three children playing on rocks near lake,
261,299178969_5ca1de8e40,little boy climbing tree and smiling,
262,299181827_8dc714101b,the little girl poured water from bucket onto the person in the white shirt,
263,299612419_b55fe32fea,three young men sit on rocks at the top of mountian,
264,300148649_72f7f0399c,man plays an accordion,
265,300222673_573fd4044b,the man is playing guitar and sitting with cat,
266,300314926_0b2e4b64f5,wakeboarder leaps in the air,
267,300765528_8c8f709dda,group of people are standing,
268,302241178_a582c1b953,dog swimming in water,
269,302983277_69a4e732e4,man ride on horse,
270,303795791_98ebc1d19a,two dog are running,
271,304408047_98bab3ea64,two dog playing eachother,
272,305199420_89f6ddd778,two man are standing,
273,310213587_778fe8fb5b,people are standing and sitting on bench,
274,359173181_a75c950aeb,dog runs through snow covered ground near tree,
275,359837950_9e22ffe6c2,dog are running,
276,360723732_23199af4bf,dog with red toy in its mouth,
277,3635991166_f95304af0a,there are four smiling boys with smiles on playground with their ball,
278,363617160_6cb0c723be,girl paints the road,
279,3638178504_be1ff246bd,small child staring at horse and pony,
280,364213568_7f83e7d144,dog is chasing another dog carrying toy,
281,36422830_55c844bc2d,jeep sidewalks on some rocks,
282,365128300_6966058139,people are in the water with a raft,
283,365274901_576b0f8241,the two dogs are playing ,
284,365584746_681f33fa46,an elderly woman in a crowd ,
285,3657209354_cde9bbd2c5,woman sitting on high cliff,
286,3657503733_9888ccf05e,mountain biker does trick on forest path,
287,365759754_6cf7068c9a, dog is running through the snow,
288,366548880_3d3e914746,two dogs are walking through the snow ,
289,366713533_bd6d48cf02,there is crowd of people of men women and children,
290,3671777903_6fbf643980,young man parasailing in midair over the ocean,
291,3671933270_d124e9a1a4,cyclist drinks water,
292,367673290_f8799f3a85,women walking while wearing headphones,
293,367925122_335ed279a8,cute toddler girl waits in her stroller,
294,367964525_b1528ac6e4,dog running through snow with trees in the background,
295,3682428916_69ce66d375,person sits inside small plane on the ground,
296,368393384_86defdcde8,person in canoe is rafting in  waters,
297,368954110_821ccf005c,three children sit on the grass,
298,369047365_35476becc9,two men take hike with two dogs,
299,369186134_5eef374112,group of three dogs are walking through the snow,
300,369360998_ba56fb436f,blonde woman with red backpack in the snow,
301,3694071771_ce760db4c7,man with  helmet is riding on  bicycle,
302,369802520_9825f2cd84,fluffy little dog running through the snow,
303,3698944019_825ef54f2f,toddler walks along fence,
304,3702607829_2b8b3e65ab,two woman sit on park bench,
305,3703413486_3c682732a0,two boys looking out the window of an rv,
306,370442541_60d93ecd13,man sitting on park bench watching pigeons,
307,370614351_98b8a166b9,person in kilt and sports jersey and mohawk is in store,
308,370713359_7560808550,many people sit in mexican restaurant,
309,371522748_dc557bcd6c,blonde boy is holding blue umbrella,
310,3726629271_7639634703,four dogs are playing and jumping in the air outside,
311,3727740053_3baa94ffcb,two men in karate uniforms kicking each other,
312,3729525173_7f984ed776,person sits at doorstep and reads book,
313,3738789925_7d17dbdf25,boy with blue eyes hanging off play set,
314,3739833689_a0038545bd, boy puts bat on his forehead ,
315,374103776_0de490c1b0,two girls drink at party,
316,374103842_17873ce505,man in black shirt and cast smokes cigarette,
317,374103966_2987706be1,large man at party with drink in his right hand,
318,374104006_7f32c8c5de,man in printed shirt holding drink,
319,374176648_ba4b88c221,two people are hiking up grassy hill,
320,374567836_3ae12ecffb,dog in snow with ice on fur ,
321,374828031_9d087da5cf,man climbing rock cliff,
322,375171241_0302ad8481, people in reflective clothing riding bikes,
323,375392855_54d46ed5c8,woman skiing down slope,
324,3767841911_6678052eb6,girls stands next to water sprinkler,
325,377872472_35805fc143,three dogs chasing each other in the snow,
326,378170167_9b5119d918, dog is running along path outside,
327,380041023_0dfd712ef1,the brown dog is wearing red collar,
328,380515798_c2abbf46b0,woman looks over table of organic vegetables at farmer market,
329,380590140_25b9889772,woman walking in crosswalk near busy street,
330,381052465_722e00807b,firetruck fights fire,
331,382151094_c7376cf22b,young boy eating ,
332,382701159_f98c1988cd,man fishes in the ocean,
333,384465575_31294122c0,cyclists atop hill as seen from below,
334,385186343_464f5fc186,little puppy wearing pink sweater jumps,
335,386160015_d4b31df68e,two dogs are wrestling in snow covered field,
336,386470686_1ae9242878,man is crouched on top of horizontal tree,
337,386656845_4e77c3e3da,two dogs in the snow,
338,387974450_bcd205daac,the dog chases the birds in the field,
339,388386075_9ac3a89ada,boy plays with train set,
340,390986651_c801db91a0,a man is in tent,
341,469969326_4b84073286,man sitting on the rock,
342,470887785_e0b1241d94,prople is sitting togather,
343,470887795_8443ce53d0,person in kilt and sports jersey and mohawk is in store,
344,470903027_489cc507de,many people sit in mexican restaurant,
345,472535997_0dbf42b9f3,blonde boy is holding blue umbrella,
346,472661386_723aae880b,four dogs are playing and jumping in the air outside,
347,476233374_e1396998ef,two men in karate uniforms kicking each other,
348,476740978_45b65ebe0c,man runs shoeless on green lawn,
349,476759700_8911f087f8,two dogs playing in the water with stick,
350,478208896_90e7187b64,cars parked on hill,
351,478209058_21e2c37c73,A man in red climbs a rock in a field of snow ,
352,478592803_f57cc9c461,Two women attempting to cross a busy street in China,
353,47870024_73a4481f7d,two dogs playing on sandy beach,
354,47871819_db55ac4699,The girls are playing soccer,
355,478754346_addb53893c,A  dirt bike rider ,
356,479807115_3a484fb18b,woman walking on sand leaving footprints,
357,479807465_cf42f39d00,a man riding a dirt bike ,
358,479807833_85eed6899c,dog chases deer into the woods,
359,480200554_6155e9dfeb,An man is shopping shoes,
360,482088914_e6ea4501e9,man in white hardhat is standing in front of green truck,
361,482882719_165722082d,kid hanging upside down from tree,
362,483039719_75181b2726,people are standing ,
363,498444334_a680d318a1,two dogs in water with one retrieving stick,
364,529198549_5cd9fedf3f,brown dog swims towards the camera,
365,53043785_c468d6f931,girl wearing red shirt is pulling on the necklace she is wearing,
366,531261613_f1a045cd75,man riding horse,
367,532131603_c82d454c8a,couple sitting on rock overlooking valley filled with trees,
368,533713001_2d36e93509,person with their face covered standing in desert,
369,534056823_0752303702,girl with dreadlocks standing in pool,
370,534056823_0752303703,dog shaking off water,
371,534056823_0752303704,young woman in black skirt and boots walks by stores,
372,534056823_0752303705,a bird stand on ground  ,
373,534056823_0752303706,woman wearing suitcase full of money,
374,534056823_0752303707,man walks across the tightrope,
375,534056823_0752303708,man is talking on cellphone outside of bar,
376,534056823_0752303709,person hang gliding at sunset,
377,534056823_0752303710,person are sitting and watch to camera,
378,534056823_0752303711,bearded man with sunglasses in the mountains,
379,534056823_0752303712,cars and people gathered in city mall area,
380,534056823_0752303713,black puppy jumping on the back of white puppy,
381,534056823_0752303714,climber walks along snowy peak,
382,534056823_0752303715,dog holds an orange rag in his mouth while running,
383,534056823_0752303716,black dog barking,
384,534056823_0752303717,man and woman wearing black walk with arms around each other,
385,534056823_0752303718,people with strollers walking on bridge,
386,534056823_0752303719,two white dogs run through fiels with snow,
387,534056823_0752303720,two girls and two guys walking down the street,
388,534056823_0752303721,man runs shoeless on green lawn,
389,534056823_0752303722,two dogs playing in the water with stick,
390,534056823_0752303723,cars parked on hill,
391,534056823_0752303724,dog is playing with bigger brown dog in the woods,
392,534056823_0752303725,gray dog is in grass,
393,534056823_0752303726,two dogs playing on sandy beach,
394,534056823_0752303727,black man in red shirt,
395,534056823_0752303728,people walking down trail ,
396,534056823_0752303729,woman walking on sand leaving footprints,
397,534056823_0752303730,person feet are sticking out from small cave,
398,534056823_0752303731,dog chases deer into the woods,
399,534056823_0752303732,person jumping off of high rock,
400,534056823_0752303733,man in white hardhat is standing in front of green truck,
401,534056823_0752303734,kid hanging upside down from tree,
402,534056823_0752303735,man sitting on an old piece of wood outside,
403,534056823_0752303736,two dogs in water with one retrieving stick,
404,534056823_0752303737,brown dog swims towards the camera,
405,534056823_0752303738,girl wearing red shirt is pulling on the necklace she is wearing,
406,534056823_0752303739,man is overlooking big snowy mountain,
407,534056823_0752303740,couple sitting on rock overlooking valley filled with trees,
408,534056823_0752303741,sheep are on grassy ground,
409,534056823_0752303742,girl with dreadlocks standing in pool,
410,534056823_0752303743,dog shaking off water,
411,534056823_0752303744,young woman in black skirt and boots walks by stores,
412,534056823_0752303745,dogs are playing in each other  ,
413,534056823_0752303746,woman wearing suitcase full of money,
414,534056823_0752303747,man walks across the tightrope,
415,534056823_0752303748,man is talking on cellphone outside of bar,
416,534056823_0752303749,person hang gliding at sunset,
417,534056823_0752303750,person are sitting and watch to camera,
418,534056823_0752303751,bearded man with sunglasses in the mountains,
419,534056823_0752303752,cars and people gathered in city mall area,
420,534056823_0752303753,black puppy jumping on the back of white puppy,
421,534056823_0752303754,climber walks along snowy peak,
422,534056823_0752303755,dog holds an orange rag in his mouth while running,
423,534056823_0752303756,black dog barking,
424,534056823_0752303757,man and woman wearing black walk with arms around each other,
425,534056823_0752303758,people with strollers walking on bridge,
426,534056823_0752303759,two white dogs run through fiels with snow,
427,534056823_0752303760,two girls and two guys walking down the street,
428,534056823_0752303761,people are standing ,
429,534056823_0752303762,people are sitting ,
430,534056823_0752303763,Child are standing,
431,534056823_0752303764,person standing beside bike in stream,
432,534056823_0752303765,person of beside bike a stream,
433,534056823_0752303766,person are sitting and watch to camera,
434,534056823_0752303767,person around beside bike around stream,
435,534056823_0752303768,person sit on sofa,
436,534056823_0752303769,people setting on table,
437,534056823_0752303770,people standing together,
438,534056823_0752303771,dog is running in the snow,
439,534056823_0752303772,dog is running in the snow,
440,534056823_0752303773,man on skis looking at artwork for sale in the snow,
441,534056823_0752303774,man drilling hole in the ice,
442,534056823_0752303775,climber climbing an ice wall,
443,534056823_0752303776,young kid playing the goalie in hockey rink,
444,534056823_0752303777,man sitting in front of metal sculpture in front of building,
445,534056823_0752303778,tent is being set up on the ice,
446,534056823_0752303779,three people overlook green valley,
447,534056823_0752303780,woman with paddle sits in boat on the water,
448,534056823_0752303781,the boy is playing on the shore of an ocean,
449,534056823_0752303782,hiker standing high on bluff overlooking the mountains below,
450,534056823_0752303783,group of hot air balloons lit up at night,
451,534056823_0752303784,person gathered beside bike around stream,
452,534056823_0752303785,girl holding horse lead behind fire,
453,534056823_0752303786,two men are skiing in the snow in wooded area,
454,534056823_0752303787,two people climbing up snowy mountain,
455,534056823_0752303788,woman blue jacket sits on daft horse near frozen lake,
456,534056823_0752303789,two horses are pulling woman in cart,
457,534056823_0752303790,person wearing red vest climbs up steep rock,
458,534056823_0752303791,people are standing ,
459,534056823_0752303792,dogs are playing in each other  ,
460,534056823_0752303793,Child are standing,
461,534056823_0752303794,person standing beside bike in stream,
462,534056823_0752303795,person of beside bike a stream,
463,534056823_0752303796,person are sitting and watch to camera,
464,534056823_0752303797,person around beside bike around stream,
465,534056823_0752303798,person sit on sofa,
466,534056823_0752303799,people setting on table,
467,534056823_0752303800,people standing together,
468,534056823_0752303801,dog is running in the snow,
469,534056823_0752303802,dog is running in the snow,
470,534056823_0752303803,man on skis looking at artwork for sale in the snow,
471,534056823_0752303804,man drilling hole in the ice,
472,534056823_0752303805,climber climbing an ice wall,
473,534056823_0752303806,young kid playing the goalie in hockey rink,
474,534056823_0752303807,man sitting in front of metal sculpture in front of building,
475,534056823_0752303808,tent is being set up on the ice,
476,534056823_0752303809,a helicopter is flying over a snow ,
477,534056823_0752303810,woman with paddle sits in boat on the water,
478,534056823_0752303811,the boy is playing on the shore of an ocean,
479,534056823_0752303812,hiker standing high on bluff overlooking the mountains below,
480,534056823_0752303813,group of hot air balloons lit up at night,
481,534056823_0752303814,person gathered beside bike around stream,
482,534056823_0752303815,girl holding horse lead behind fire,
483,534056823_0752303816,two men are skiing in the snow in wooded area,
484,534056823_0752303817,two people climbing up snowy mountain,
485,534056823_0752303818,woman blue jacket sits on daft horse near frozen lake,
486,534056823_0752303819,woman in red wears glasses and long earrings,
487,test2014_000000000108.jpg,woman sits against wall in fancy building,
488,test2014_000000000568.jpg,pink eyed boxer dog carrying pillowcase,
489,test2014_000000000732.jpg,the brown dogs are playing with blue toy together,
490,test2014_000000001456.jpg,three people sit and look at mountains,
491,test2014_000000004692.jpg,two white rabbits sit on the green grass,
492,test2014_000000001650.jpg,two people ride the train,
493,test2014_000000003021.jpg,three children playing on rocks near lake,
494,test2014_000000003903.jpg,little boy climbing tree and smiling,
495,test2014_000000002252.jpg,the little girl poured water from bucket onto the person in the white shirt,
496,test2014_000000004053.jpg,three young men sit on rocks at the top of mountian,
497,test2014_000000003702.jpg,boys are playing,
498,test2014_000000004914.jpg,man and woman wearing black walk with arms around each other,
499,test2014_000000005118.jpg,people with strollers walking on bridge,
500,test2014_00000015119.ipg, one person ridding a bicycle on road,
